date,value
2014-01-02,98969.87
2014-01-03,96814.27
2014-01-06,95785.46
2014-01-07,98267.69
2014-01-08,99002.53
2014-01-09,97981.88
2014-01-10,98961.71
2014-01-13,94560.67
2014-01-14,99974.2
2014-01-15,102309.38
2014-01-16,102521.74
2014-01-17,100700.91
2014-01-21,102954.51
2014-01-22,103909.8
2014-01-23,102660.52
2014-01-24,96577.45
2014-01-27,93768.65
2014-01-28,93735.98
2014-01-29,90780.23
2014-01-30,95565.04
2014-01-31,94895.45
2014-02-03,88608.31
2014-02-04,90339.3
2014-02-05,89506.45
2014-02-06,92935.81
2014-02-07,97867.57
2014-02-10,99663.9
2014-02-11,103076.92
2014-02-12,103566.85
2014-02-13,106228.66
2014-02-14,106539.02
2014-02-18,108204.68
2014-02-19,105836.74
2014-02-20,107371.84
2014-02-21,106816.55
2014-02-24,108694.63
2014-02-25,108302.66
2014-02-26,107943.34
2014-02-27,110066.33
2014-02-28,109511.05
2014-03-03,107110.53
2014-03-04,111421.71
2014-03-05,112336.22
2014-03-06,111911.62
2014-03-07,110311.29
2014-03-10,110539.88
2014-03-11,109168.11
2014-03-12,110392.9
2014-03-13,105706.15
2014-03-14,103534.15
2014-03-17,106294.04
2014-03-18,110115.33
2014-03-19,108302.66
2014-03-20,109151.83
2014-03-21,105150.87
2014-03-24,102505.37
2014-03-25,103452.57
2014-03-26,99516.91
2014-03-27,97753.24
2014-03-28,98390.1
2014-03-31,100349.75
2014-04-01,105787.74
2014-04-02,106620.61
2014-04-03,104105.75
2014-04-04,95842.58
2014-04-07,92968.52
2014-04-08,95565.04
2014-04-09,100464.12
2014-04-10,91188.43
2014-04-11,88004.03
2014-04-14,89980.06
2014-04-15,90878.19
2014-04-16,94405.56
2014-04-17,94454.55
2014-04-21,96593.84
2014-04-22,98961.71
2014-04-23,96267.18
2014-04-24,99108.67
2014-04-25,94323.86
2014-04-28,95336.38
2014-04-29,97442.98
2014-04-30,98308.5
2014-05-01,99190.35
2014-05-02,98700.43
2014-05-05,100104.83
2014-05-06,96234.52
2014-05-07,95369.07
2014-05-08,95042.44
2014-05-09,96152.92
2014-05-12,100839.66
2014-05-13,101052.04
2014-05-14,99549.59
2014-05-15,97247.05
2014-05-16,99059.69
2014-05-19,101182.6
2014-05-20,100072.19
2014-05-21,102897.29
2014-05-22,104171.06
2014-05-23,106506.31
2014-05-27,110507.24
2014-05-28,109462.06
2014-05-29,111683.07
2014-05-30,111585.06
2014-06-02,111307.42
2014-06-03,111144.14
2014-06-04,112319.91
2014-06-05,115243.02
2014-06-06,117104.67
2014-06-09,116892.41
2014-06-10,117561.96
2014-06-11,117382.28
2014-06-12,114312.15
2014-06-13,115096.04
2014-06-16,115520.66
2014-06-17,115683.93
2014-06-18,117790.51
2014-06-19,117333.31
2014-06-20,117757.92
2014-06-23,117888.52
2014-06-24,117561.96
2014-06-25,119721.15
2014-06-26,120047.83
2014-06-27,121240.1
2014-06-30,122138.46
2014-07-01,126238.03
2014-07-02,126728.01
2014-07-03,129161.64
2014-07-07,127920.36
2014-07-08,123461.47
2014-07-09,126254.39
2014-07-10,125062.03
2014-07-11,127234.39
2014-07-14,129667.95
2014-07-15,128312.35
2014-07-16,129765.95
2014-07-17,124588.44
2014-07-18,130484.61
2014-07-21,130010.94
2014-07-22,132591.59
2014-07-23,135074.25
2014-07-24,134600.53
2014-07-25,132950.88
2014-07-28,133114.29
2014-07-29,132444.61
2014-07-30,134028.88
2014-07-31,125862.41
2014-08-01,124408.74
2014-08-04,126956.7
2014-08-05,123984.05
2014-08-06,123771.75
2014-08-07,122579.47
2014-08-08,125192.73
2014-08-11,127463.0
2014-08-12,127169.01
2014-08-13,131301.31
2014-08-14,133326.57
2014-08-15,135139.54
2014-08-18,138406.19
2014-08-19,140790.76
2014-08-20,140790.76
2014-08-21,141591.12
2014-08-22,142146.43
2014-08-25,143730.7
2014-08-26,144220.7
2014-08-27,144237.06
2014-08-28,143649.08
2014-08-29,145331.38
2014-09-02,146540.04
2014-09-03,144024.68
2014-09-04,143567.41
2014-09-05,145788.65
2014-09-08,146523.65
2014-09-09,142963.1
2014-09-10,146278.64
2014-09-11,146164.34
2014-09-12,143861.4
2014-09-15,139533.14
2014-09-16,143306.09
2014-09-17,144008.39
2014-09-18,147111.66
2014-09-19,146785.0
2014-09-22,142799.7
2014-09-23,141558.42
2014-09-24,146148.04
2014-09-25,136870.81
2014-09-26,141248.12
2014-09-29,140774.47
2014-09-30,141297.13
2014-10-01,134535.27
2014-10-02,134469.86
2014-10-03,138520.49
2014-10-06,137573.18
2014-10-07,131758.63
2014-10-08,139369.8
2014-10-09,132428.3
2014-10-10,122514.09
2014-10-13,116781.17
2014-10-14,118573.33
2014-10-15,117771.08
2014-10-16,117669.99
2014-10-17,119059.77
2014-10-20,120215.82
2014-10-21,122597.43
2014-10-22,121725.65
2014-10-23,123140.7
2014-10-24,124088.26
2014-10-27,123917.67
2014-10-28,125339.07
2014-10-29,125149.53
2014-10-30,125951.82
2014-10-31,127392.14
2014-11-03,127461.63
2014-11-04,127019.42
2014-11-05,127821.7
2014-11-06,128333.38
2014-11-07,128453.4
2014-11-10,128857.69
2014-11-11,129808.43
2014-11-12,130522.32
2014-11-13,132197.31
2014-11-14,133419.16
2014-11-17,132169.81
2014-11-18,135135.28
2014-11-19,133419.16
2014-11-20,135190.17
2014-11-21,136164.97
2014-11-24,139240.28
2014-11-25,139693.36
2014-11-26,142549.0
2014-11-28,144677.01
2014-12-01,139336.38
2014-12-02,140832.83
2014-12-03,142109.65
2014-12-04,141684.06
2014-12-05,141780.16
2014-12-08,138718.6
2014-12-09,140064.1
2014-12-10,133281.88
2014-12-11,135368.72
2014-12-12,130893.0
2014-12-15,126966.52
2014-12-16,120664.87
2014-12-17,127144.99
2014-12-18,136467.01
2014-12-19,137990.91
2014-12-22,139263.83
2014-12-23,137931.87
2014-12-24,138220.22
2014-12-26,141021.43
2014-12-29,141048.94
2014-12-30,138137.81
2014-12-31,133812.42
2015-01-02,132713.98
2015-01-05,126740.82
2015-01-06,121715.14
2015-01-07,126397.47
2015-01-08,133606.47
2015-01-09,130901.43
2015-01-12,126878.1
2015-01-13,126768.25
2015-01-14,124818.39
2015-01-15,119861.39
2015-01-16,124131.8
2015-01-20,126878.1
2015-01-21,128827.95
2015-01-22,135995.75
2015-01-23,136902.03
2015-01-26,136599.94
2015-01-27,126026.73
2015-01-28,123857.23
2015-01-29,127441.12
2015-01-30,124516.33
2015-02-02,127784.39
2015-02-03,131272.2
2015-02-04,130928.86
2015-02-05,134402.91
2015-02-06,131958.7
2015-02-09,130503.2
2015-02-10,136751.02
2015-02-11,138288.91
2015-02-12,143122.32
2015-02-13,146733.68
2015-02-17,147131.92
2015-02-18,147763.58
2015-02-19,149988.06
2015-02-20,152871.62
2015-02-23,153475.84
2015-02-24,153791.65
2015-02-25,152555.76
2015-02-26,154876.45
2015-02-27,152830.47
2015-03-02,156949.85
2015-03-03,154697.92
2015-03-04,152981.52
2015-03-05,153654.37
2015-03-06,148367.73
2015-03-09,149795.73
2015-03-10,141502.06
2015-03-11,139016.68
2015-03-12,141680.54
2015-03-13,139854.26
2015-03-16,145209.52
2015-03-17,146019.7
2015-03-18,150221.46
2015-03-19,150949.24
2015-03-20,154079.99
2015-03-23,152789.22
2015-03-24,151237.59
2015-03-25,140692.22
2015-03-26,139538.65
2015-03-27,140884.46
2015-03-30,145951.88
2015-03-31,141433.79
2015-04-01,139044.25
2015-04-02,139277.73
2015-04-06,142628.57
2015-04-07,141969.35
2015-04-08,145347.6
2015-04-09,148052.97
2015-04-10,149824.5
2015-04-13,148712.17
2015-04-14,147435.02
2015-04-15,150044.22
2015-04-16,149522.35
2015-04-17,142532.44
2015-04-20,148904.39
2015-04-21,150813.26
2015-04-22,153257.69
2015-04-23,155097.92
2015-04-24,161167.78
2015-04-27,160137.77
2015-04-28,159094.14
2015-04-29,156059.18
2015-04-30,148725.85
2015-05-01,154740.85
2015-05-04,155290.12
2015-05-05,147929.42
2015-05-06,144770.81
2015-05-07,147256.47
2015-05-08,152653.43
2015-05-11,150978.06
2015-05-12,149027.99
2015-05-13,149797.02
2015-05-14,156429.96
2015-05-15,156416.25
2015-05-18,158338.76
2015-05-19,157885.59
2015-05-20,158146.56
2015-05-21,160632.17
2015-05-22,160192.72
2015-05-26,154644.7
2015-05-27,162087.85
2015-05-28,160893.09
2015-05-29,158174.03
2015-06-01,159561.06
2015-06-02,158105.36
2015-06-03,159492.39
2015-06-04,156017.98
2015-06-05,154836.95
2015-06-08,150099.1
2015-06-09,149357.57
2015-06-10,155276.37
2015-06-11,156127.85
2015-06-12,152159.04
2015-06-15,150057.92
2015-06-16,152351.31
2015-06-17,153628.44
2015-06-18,160124.07
2015-06-19,157679.58
2015-06-22,161483.58
2015-06-23,161881.83
2015-06-24,159396.22
2015-06-25,158352.53
2015-06-26,155413.65
2015-06-29,144427.55
2015-06-30,146075.49
2015-07-01,149069.15
2015-07-02,149632.23
2015-07-06,148368.79
2015-07-07,149124.12
2015-07-08,141653.47
2015-07-09,141241.49
2015-07-10,147805.76
2015-07-13,155358.78
2015-07-14,158476.14
2015-07-15,159231.44
2015-07-16,165452.37
2015-07-17,173019.17
2015-07-20,174955.48
2015-07-21,174474.83
2015-07-22,168748.25
2015-07-23,166729.55
2015-07-24,161991.72
2015-07-27,157830.69
2015-07-28,161991.72
2015-07-29,163804.44
2015-07-30,166084.05
2015-07-31,165575.97
2015-08-03,164051.64
2015-08-04,162994.18
2015-08-05,166811.94
2015-08-06,158805.77
2015-08-07,158174.03
2015-08-10,163516.08
2015-08-11,157281.4
2015-08-12,158668.38
2015-08-13,157954.28
2015-08-14,158805.77
2015-08-17,162705.8
2015-08-18,160110.32
2015-08-19,157102.85
2015-08-20,144166.62
2015-08-21,135084.21
2015-08-24,129396.26
2015-08-25,127873.49
2015-08-26,132783.09
2015-08-27,136067.47
2015-08-28,136074.32
2015-08-31,134974.99
2015-09-01,130946.26
2015-09-02,133431.75
2015-09-03,133527.34
2015-09-04,131506.19
2015-09-08,134811.09
2015-09-09,133008.39
2015-09-10,133732.18
2015-09-11,134339.88
2015-09-14,133841.45
2015-09-15,135514.42
2015-09-16,136688.81
2015-09-17,136381.57
2015-09-18,134152.9
2015-09-21,134846.16
2015-09-22,133095.86
2015-09-23,132883.11
2015-09-24,132402.62
2015-09-25,132368.33
2015-09-28,129046.25
2015-09-29,129121.73
2015-09-30,131530.97
2015-10-01,131874.12
2015-10-02,133844.07
2015-10-05,136225.8
2015-10-06,135759.09
2015-10-07,136870.96
2015-10-08,138106.47
2015-10-09,138188.82
2015-10-12,138319.21
2015-10-13,137447.55
2015-10-14,136788.56
2015-10-15,138888.97
2015-10-16,139520.42
2015-10-19,139589.06
2015-10-20,139410.59
2015-10-21,138545.79
2015-10-22,140886.3
2015-10-23,142430.63
2015-10-26,142080.63
2015-10-27,141806.06
2015-10-28,143419.04
2015-10-29,143336.67
2015-10-30,142718.92
2015-11-02,144407.47
2015-11-03,144826.11
2015-11-04,144386.87
2015-11-05,144242.68
2015-11-06,144167.16
2015-11-09,142821.89
2015-11-10,143151.34
2015-11-11,142588.53
2015-11-12,140598.02
2015-11-13,139019.33
2015-11-16,141133.41
2015-11-17,141030.44
2015-11-18,143268.06
2015-11-19,143144.48
2015-11-20,143666.12
2015-11-23,143501.44
2015-11-24,143693.6
2015-11-25,143672.98
2015-11-27,143837.69
2015-11-30,143240.6
2015-12-01,144606.49
2015-12-02,143130.77
2015-12-03,141126.51
2015-12-04,143878.91
2015-12-07,143007.23
2015-12-08,142046.26
2015-12-09,140941.18
2015-12-10,141304.97
2015-12-11,138566.35
2015-12-14,139266.4
2015-12-15,140728.42
2015-12-16,142787.56
2015-12-17,140611.74
2015-12-18,138106.75
2015-12-21,139246.0
2015-12-22,140509.58
2015-12-23,142249.54
2015-12-24,142014.74
2015-12-28,141690.29
2015-12-29,143202.38
2015-12-30,142187.38
2015-12-31,140765.03
2016-01-04,138797.22
2016-01-05,139031.94
2016-01-06,137278.15
2016-01-07,133984.63
2016-01-08,132514.02
2016-01-11,132645.18
2016-01-12,133715.37
2016-01-13,130380.46
2016-01-14,132520.86
2016-01-15,129676.15
2016-01-19,129848.77
2016-01-20,128184.73
2016-01-21,128902.82
2016-01-22,131547.35
2016-01-25,129558.77
2016-01-26,131326.34
2016-01-27,129897.14
2016-01-28,130573.8
2016-01-29,133756.85
2016-02-01,133708.46
2016-02-02,131298.77
2016-02-03,132085.92
2016-02-04,132293.03
2016-02-05,129772.83
2016-02-08,128025.95
2016-02-09,128032.82
2016-02-10,127922.36
2016-02-11,126258.41
2016-02-12,128861.39
2016-02-16,131036.38
2016-02-17,133176.8
2016-02-18,132631.35
2016-02-19,132569.23
2016-02-22,134488.71
2016-02-23,132790.14
2016-02-24,133397.77
2016-02-25,135013.45
2016-02-26,134702.76
2016-02-29,133646.31
2016-03-01,136787.92
2016-03-02,137402.47
2016-03-03,137941.01
2016-03-04,138389.86
2016-03-07,138500.33
2016-03-08,136988.17
2016-03-09,137664.86
2016-03-10,137775.32
2016-03-11,139998.6
2016-03-14,139819.12
2016-03-15,139591.26
2016-03-16,140399.05
2016-03-17,141289.81
2016-03-18,141845.02
2016-03-21,142046.25
2016-03-22,141969.92
2016-03-23,141032.96
2016-03-24,140970.52
2016-03-28,141053.83
2016-03-29,142358.59
2016-03-30,142983.18
2016-03-31,142636.17
2016-04-01,143607.83
2016-04-04,141840.76
2016-04-05,138026.76
2016-04-06,144636.89
2016-04-07,138393.2
2016-04-08,138067.46
2016-04-11,136587.94
2016-04-12,139777.71
2016-04-13,145234.15
2016-04-14,145329.13
2016-04-15,144216.13
2016-04-18,146347.13
2016-04-19,143822.47
2016-04-20,144175.41
2016-04-21,144216.13
2016-04-22,137687.36
2016-04-25,137578.82
2016-04-26,135692.1
2016-04-27,132434.47
2016-04-28,127738.15
2016-04-29,125702.18
2016-05-02,129027.64
2016-05-03,125593.56
2016-05-04,123109.64
2016-05-05,123041.8
2016-05-06,124819.88
2016-05-09,125919.32
2016-05-10,131199.36
2016-05-11,127616.02
2016-05-12,125824.32
2016-05-13,124304.14
2016-05-16,129095.46
2016-05-17,124141.26
2016-05-18,125552.84
2016-05-19,123571.18
2016-05-20,127697.44
2016-05-23,127073.11
2016-05-24,134850.56
2016-05-25,137755.26
2016-05-26,138908.95
2016-05-27,140999.27
2016-05-31,141840.76
2016-06-01,141895.14
2016-06-02,142695.9
2016-06-03,140741.32
2016-06-06,142247.95
2016-06-07,141243.6
2016-06-08,141867.98
2016-06-09,141243.6
2016-06-10,136492.92
2016-06-13,132991.02
2016-06-14,133058.93
2016-06-15,131864.42
2016-06-16,132814.61
2016-06-17,128267.54
2016-06-20,130575.0
2016-06-21,131878.04
2016-06-22,131022.94
2016-06-23,136547.19
2016-06-24,119824.96
2016-06-27,115784.93
2016-06-28,117873.21
2016-06-29,119880.36
2016-06-30,121516.19
2016-07-01,121771.39
2016-07-05,120895.46
2016-07-06,121620.59
2016-07-07,121545.19
2016-07-08,123355.04
2016-07-11,123790.1
2016-07-12,124689.22
2016-07-13,124671.84
2016-07-14,125367.89
2016-07-15,125199.72
2016-07-18,125536.17
2016-07-19,125408.55
2016-07-20,125930.58
2016-07-21,124603.67
2016-07-22,126050.23
2016-07-25,126161.47
2016-07-26,126584.28
2016-07-27,129054.6
2016-07-28,130456.64
2016-07-29,131313.47
2016-08-01,133371.98
2016-08-02,130367.59
2016-08-03,131602.73
2016-08-04,132782.26
2016-08-05,136621.18
2016-08-08,136187.21
2016-08-09,137088.52
2016-08-10,136031.39
2016-08-11,137789.55
2016-08-12,138045.41
2016-08-15,139781.29
2016-08-16,137578.09
2016-08-17,138223.51
2016-08-18,138357.02
2016-08-19,138167.88
2016-08-22,138301.39
2016-08-23,139124.82
2016-08-24,136443.11
2016-08-25,135797.77
2016-08-26,136454.28
2016-08-29,136832.58
2016-08-30,135597.47
2016-08-31,135241.36
2016-09-01,135842.25
2016-09-02,137433.44
2016-09-06,139981.6
2016-09-07,140237.55
2016-09-08,137834.07
2016-09-09,127385.48
2016-09-12,133917.24
2016-09-13,130757.04
2016-09-14,132437.26
2016-09-15,138579.54
2016-09-16,138423.8
2016-09-19,136609.99
2016-09-20,137366.7
2016-09-21,141361.41
2016-09-22,144666.23
2016-09-23,142062.43
2016-09-26,138535.07
2016-09-27,142463.02
2016-09-28,143241.9
2016-09-29,140204.15
2016-09-30,143086.1
2016-10-03,142763.45
2016-10-04,141951.13
2016-10-05,143431.05
2016-10-06,143208.52
2016-10-07,142273.83
2016-10-10,144821.95
2016-10-11,138835.49
2016-10-12,138546.17
2016-10-13,136921.59
2016-10-14,137233.18
2016-10-17,136287.35
2016-10-18,139781.29
2016-10-19,139836.96
2016-10-20,139247.19
2016-10-21,140760.54
2016-10-24,145890.2
2016-10-25,144432.52
2016-10-26,141661.85
2016-10-27,139681.12
2016-10-28,137266.54
2016-10-31,136487.66
2016-11-01,133683.57
2016-11-02,130200.66
2016-11-03,126450.8
2016-11-04,125015.37
2016-11-07,133972.85
2016-11-08,136598.91
2016-11-09,138512.82
2016-11-10,131925.41
2016-11-11,131814.16
2016-11-14,127363.2
2016-11-15,133260.67
2016-11-16,135430.53
2016-11-17,138568.43
2016-11-18,137010.6
2016-11-21,141127.77
2016-11-22,142396.25
2016-11-23,140682.61
2016-11-25,142040.14
2016-11-28,141250.09
2016-11-29,142607.66
2016-11-30,137989.83
2016-12-01,130412.15
2016-12-02,130935.1
2016-12-05,133961.73
2016-12-06,134929.82
2016-12-07,139937.1
2016-12-08,140793.91
2016-12-09,144087.53
2016-12-12,142084.67
2016-12-13,147637.21
2016-12-14,146557.84
2016-12-15,147448.06
2016-12-16,145656.5
2016-12-19,147436.91
2016-12-20,149217.26
2016-12-21,148694.26
2016-12-22,147403.57
2016-12-23,147859.72
2016-12-27,150018.47
2016-12-28,146546.71
2016-12-29,145834.61
2016-12-30,141572.82
2017-01-03,145000.06
2017-01-04,147470.34
2017-01-05,150085.24
2017-01-06,153890.73
2017-01-09,155448.55
2017-01-10,156338.7
2017-01-11,157540.49
2017-01-12,156739.32
2017-01-13,158541.95
2017-01-17,157050.93
2017-01-18,158119.14
2017-01-19,157696.29
2017-01-20,158720.03
2017-01-23,159076.06
2017-01-24,162392.05
2017-01-25,167132.25
2017-01-26,167822.13
2017-01-27,168623.3
2017-01-30,164795.56
2017-01-31,163883.03
2017-02-01,166998.75
2017-02-02,166575.89
2017-02-03,168022.43
2017-02-06,168645.55
2017-02-07,170381.44
2017-02-08,171338.4
2017-02-09,173118.78
2017-02-10,174832.36
2017-02-13,177903.48
2017-02-14,179572.6
2017-02-15,182665.99
2017-02-16,182510.19
2017-02-17,184802.41
2017-02-21,187740.07
2017-02-22,187762.35
2017-02-23,185737.1
2017-02-24,186738.58
2017-02-27,187294.97
2017-02-28,185826.16
2017-03-01,191834.9
2017-03-02,188808.26
2017-03-03,189787.45
2017-03-06,188474.44
2017-03-07,187539.77
2017-03-08,188496.73
2017-03-09,189075.32
2017-03-10,191144.95
2017-03-13,192257.67
2017-03-14,190833.43
2017-03-15,194171.66
2017-03-16,194060.33
2017-03-17,193592.98
2017-03-20,194171.66
2017-03-21,185514.56
2017-03-22,189164.35
2017-03-23,187651.01
2017-03-24,188674.73
2017-03-27,189676.19
2017-03-28,193236.96
2017-03-29,195796.19
2017-03-30,196775.43
2017-03-31,196308.08
2017-04-03,195885.21
2017-04-04,196775.43
2017-04-05,194527.68
2017-04-06,194683.47
2017-04-07,194460.93
2017-04-10,194683.47
2017-04-11,192235.5
2017-04-12,189698.46
2017-04-13,187450.71
2017-04-17,191901.65
2017-04-18,191345.29
2017-04-19,192012.94
2017-04-20,196664.15
2017-04-21,196575.14
2017-04-24,203718.87
2017-04-25,208236.54
2017-04-26,207324.12
2017-04-27,210951.6
2017-04-28,212153.33
2017-05-01,217494.43
2017-05-02,218785.26
2017-05-03,216626.5
2017-05-04,216849.12
2017-05-05,219208.13
2017-05-08,220521.11
2017-05-09,222946.88
2017-05-10,223302.86
2017-05-11,222768.83
2017-05-12,224215.41
2017-05-15,226307.33
2017-05-16,229155.93
2017-05-17,211819.53
2017-05-18,217182.92
2017-05-19,219808.95
2017-05-22,225506.14
2017-05-23,226062.52
2017-05-24,229178.18
2017-05-25,235209.23
2017-05-26,236210.62
2017-05-30,236700.19
2017-05-31,236410.94
2017-06-01,239237.23
2017-06-02,247404.64
2017-06-05,247204.37
2017-06-06,244400.29
2017-06-07,247070.86
2017-06-08,247738.53
2017-06-09,229823.54
2017-06-12,225661.87
2017-06-13,230936.29
2017-06-14,227842.88
2017-06-15,224771.73
2017-06-16,222078.87
2017-06-19,232827.92
2017-06-20,227553.67
2017-06-21,234163.17
2017-06-22,233896.13
2017-06-23,236522.14
2017-06-26,233384.25
2017-06-27,220543.41
2017-06-28,229801.23
2017-06-29,218095.32
2017-06-30,217338.74
2017-07-03,211418.94
2017-07-05,217449.95
2017-07-06,211708.22
2017-07-07,218050.85
2017-07-10,222613.09
2017-07-11,224437.87
2017-07-12,232427.4
2017-07-13,233962.92
2017-07-14,239459.73
2017-07-17,239593.32
2017-07-18,244355.77
2017-07-19,248828.99
2017-07-20,249763.67
2017-07-21,249385.38
2017-07-24,252634.52
2017-07-25,250943.15
2017-07-26,253190.93
2017-07-27,248673.18
2017-07-28,247872.03
2017-07-31,244645.15
2017-08-01,246247.41
2017-08-02,248050.1
2017-08-03,245468.55
2017-08-04,246425.53
2017-08-07,250787.39
2017-08-08,249852.72
2017-08-09,248873.53
2017-08-10,232716.7
2017-08-11,238035.51
2017-08-14,247293.42
2017-08-15,247738.53
2017-08-16,249029.32
2017-08-17,233718.09
2017-08-18,232894.63
2017-08-21,232471.83
2017-08-22,242820.23
2017-08-23,240105.19
2017-08-24,238102.23
2017-08-25,236499.94
2017-08-28,238569.67
2017-08-29,241507.26
2017-08-30,249874.94
2017-08-31,256974.17
2017-09-01,256796.18
2017-09-05,249919.51
2017-09-06,252078.16
2017-09-07,253636.01
2017-09-08,247382.47
2017-09-11,255260.61
2017-09-12,257419.26
2017-09-13,258487.47
2017-09-14,254125.61
2017-09-15,256173.06
2017-09-18,255549.93
2017-09-19,256640.34
2017-09-20,254503.92
2017-09-21,249607.93
2017-09-22,248984.81
2017-09-25,241173.4
2017-09-26,242820.23
2017-09-27,249407.55
2017-09-28,248984.81
2017-09-29,254259.09
2017-10-02,254971.31
2017-10-03,256573.58
2017-10-04,257241.24
2017-10-05,264652.02
2017-10-06,265609.06
2017-10-09,264941.37
2017-10-10,265497.65
2017-10-11,267812.22
2017-10-12,266365.58
2017-10-13,269347.71
2017-10-16,272129.54
2017-10-17,273086.52
2017-10-18,272040.54
2017-10-19,269036.21
2017-10-20,270994.56
2017-10-23,265942.81
2017-10-24,267300.29
2017-10-25,264051.12
2017-10-26,261603.15
2017-10-27,284147.04
2017-10-30,286172.26
2017-10-31,289198.84
2017-11-01,288820.55
2017-11-02,287351.77
2017-11-03,295363.45
2017-11-06,298367.78
2017-11-07,298857.43
2017-11-08,302596.18
2017-11-09,297744.65
2017-11-10,297655.66
2017-11-13,298545.8
2017-11-14,295541.36
2017-11-15,291201.76
2017-11-16,302106.56
2017-11-17,298723.87
2017-11-20,297989.49
2017-11-21,307380.87
2017-11-22,308604.95
2017-11-24,312076.64
2017-11-27,311564.74
2017-11-28,313857.05
2017-11-29,297722.4
2017-11-30,305110.92
2017-12-01,301038.3
2017-12-04,290645.45
2017-12-05,291068.25
2017-12-06,294918.34
2017-12-07,297833.67
2017-12-08,301772.79
2017-12-11,308693.92
2017-12-12,307536.66
2017-12-13,309072.26
2017-12-14,308627.18
2017-12-15,318664.05
2017-12-18,326853.72
2017-12-19,321534.9
2017-12-20,320199.57
2017-12-21,320043.75
2017-12-22,318975.55
2017-12-26,313812.57
2017-12-27,313812.57
2017-12-28,314658.25
2017-12-29,308716.23
2018-01-02,324561.51
2018-01-03,334064.17
2018-01-04,336022.62
2018-01-05,346170.75
2018-01-08,350020.75
2018-01-09,350287.87
2018-01-10,347795.29
2018-01-11,354761.04
2018-01-12,362283.09
2018-01-16,359479.04
2018-01-17,370806.62
2018-01-18,371162.73
2018-01-19,374723.42
2018-01-22,386429.35
2018-01-23,396221.38
2018-01-24,388187.45
2018-01-25,387697.91
2018-01-26,405012.03
2018-01-29,399648.62
2018-01-30,389433.68
2018-01-31,394240.75
2018-02-01,384381.95
2018-02-02,360903.31
2018-02-05,319242.61
2018-02-06,314712.09
2018-02-07,313004.82
2018-02-08,301264.35
2018-02-09,305789.87
2018-02-12,310280.25
2018-02-13,311052.02
2018-02-14,315249.99
2018-02-15,319272.57
2018-02-16,319366.08
2018-02-20,317366.44
2018-02-21,315787.88
2018-02-22,316197.18
2018-02-23,321237.26
2018-02-26,324967.45
2018-02-27,320909.81
2018-02-28,317658.91
2018-03-01,313039.88
2018-03-02,314653.58
2018-03-05,318290.34
2018-03-06,319097.25
2018-03-07,318980.3
2018-03-08,320523.88
2018-03-09,326101.57
2018-03-12,325692.62
2018-03-13,323587.51
2018-03-14,321927.18
2018-03-15,321576.19
2018-03-16,321925.07
2018-03-19,317569.26
2018-03-20,318109.33
2018-03-21,317498.81
2018-03-22,309562.18
2018-03-23,302964.05
2018-03-26,311252.85
2018-03-27,305957.81
2018-03-28,305053.83
2018-03-29,308951.71
2018-04-02,302283.03
2018-04-03,306157.53
2018-04-04,309433.12
2018-04-05,311875.13
2018-04-06,304924.73
2018-04-09,306427.48
2018-04-10,311299.78
2018-04-11,309667.89
2018-04-12,312215.61
2018-04-13,311299.78
2018-04-16,313859.15
2018-04-17,317217.09
2018-04-18,317451.88
2018-04-19,315690.77
2018-04-20,313013.96
2018-04-23,312966.95
2018-04-24,308752.16
2018-04-25,309515.27
2018-04-26,312661.72
2018-04-27,312955.2
2018-04-30,310548.45
2018-05-01,311100.27
2018-05-02,303108.93
2018-05-03,303129.7
2018-05-04,320183.43
2018-05-07,327792.93
2018-05-08,326708.82
2018-05-09,337654.03
2018-05-10,348161.39
2018-05-11,347119.02
2018-05-14,348661.71
2018-05-15,337383.07
2018-05-16,343595.63
2018-05-17,339717.96
2018-05-18,334276.6
2018-05-21,340114.03
2018-05-22,338341.99
2018-05-23,346847.92
2018-05-24,346556.13
2018-05-25,347431.73
2018-05-29,342991.12
2018-05-30,350308.71
2018-05-31,349558.26
2018-06-01,365819.65
2018-06-04,375201.23
2018-06-05,379078.98
2018-06-06,385333.39
2018-06-07,376389.56
2018-06-08,376139.35
2018-06-11,379078.98
2018-06-12,385083.18
2018-06-13,384645.38
2018-06-14,396341.09
2018-06-15,392400.8
2018-06-18,391525.25
2018-06-19,388022.75
2018-06-20,396153.45
2018-06-21,385896.2
2018-06-22,382018.56
2018-06-25,357626.41
2018-06-26,361566.7
2018-06-27,347056.43
2018-06-28,355562.46
2018-06-29,357188.56
2018-07-02,365194.19
2018-07-03,352622.88
2018-07-05,365569.44
2018-07-06,382018.56
2018-07-09,392651.01
2018-07-10,393589.13
2018-07-11,387835.07
2018-07-12,406973.59
2018-07-13,408161.95
2018-07-16,405409.94
2018-07-17,412915.2
2018-07-18,410288.38
2018-07-19,404221.61
2018-07-20,403658.71
2018-07-23,407161.21
2018-07-24,412352.35
2018-07-25,429551.9
2018-07-26,410788.7
2018-07-27,393651.72
2018-07-30,376702.29
2018-07-31,384207.6
2018-08-01,389461.27
2018-08-02,404972.16
2018-08-03,408599.7
2018-08-06,416105.06
2018-08-07,420170.37
2018-08-08,421296.18
2018-08-09,420920.95
2018-08-10,411101.55
2018-08-13,409913.17
2018-08-14,417481.03
2018-08-15,402282.77
2018-08-16,405972.95
2018-08-17,405910.33
2018-08-20,405097.23
2018-08-21,409287.76
2018-08-22,414041.01
2018-08-23,411977.03
2018-08-24,423422.66
2018-08-27,436181.56
2018-08-28,438120.52
2018-08-29,453443.7
2018-08-30,450879.47
2018-08-31,452192.87
2018-09-04,446814.14
2018-09-05,429051.73
2018-09-06,417355.84
2018-09-07,413227.98
2018-09-10,416855.62
2018-09-11,426112.02
2018-09-12,422422.02
2018-09-13,434930.68
2018-09-14,431615.95
2018-09-17,413415.62
2018-09-18,423234.99
2018-09-19,422296.82
2018-09-20,435556.15
2018-09-21,428613.73
2018-09-24,432303.84
2018-09-25,434055.13
2018-09-26,433617.23
2018-09-27,445625.78
2018-09-28,444937.8
2018-10-01,447502.07
2018-10-02,444937.8
2018-10-03,446251.09
2018-10-04,420795.74
2018-10-05,404972.16
2018-10-08,397717.06
2018-10-09,400781.73
2018-10-10,348807.7
2018-10-11,334672.7
2018-10-12,359794.58
2018-10-15,357773.75
2018-10-16,365596.75
2018-10-17,365661.89
2018-10-18,360381.35
2018-10-19,360185.77
2018-10-22,358569.09
2018-10-23,356743.57
2018-10-24,345934.77
2018-10-25,352141.18
2018-10-26,345947.86
2018-10-29,344031.16
2018-10-30,349129.14
2018-10-31,352858.16
2018-11-01,356613.2
2018-11-02,354501.13
2018-11-05,356456.79
2018-11-06,358712.55
2018-11-07,366392.11
2018-11-08,365727.09
2018-11-09,362154.61
2018-11-12,355387.72
2018-11-13,354722.7
2018-11-14,352297.61
2018-11-15,355974.33
2018-11-16,356900.2
2018-11-19,350863.29
2018-11-20,344370.24
2018-11-21,345543.64
2018-11-23,343235.95
2018-11-26,348777.18
2018-11-27,349950.64
2018-11-28,358008.36
2018-11-29,357226.15
2018-11-30,359403.49
2018-12-03,364162.47
2018-12-04,352362.71
2018-12-06,351828.19
2018-12-07,343653.12
2018-12-10,344305.03
2018-12-11,344383.26
2018-12-12,346117.4
2018-12-13,345999.98
2018-12-14,339611.15
2018-12-17,332948.54
2018-12-18,332583.49
2018-12-19,327602.84
2018-12-20,322270.07
2018-12-21,315666.96
2018-12-24,307326.11
2018-12-26,322853.77
2018-12-27,325332.35
2018-12-28,324912.67
2018-12-31,327758.57
2019-01-02,328099.55
2019-01-03,320270.15
2019-01-04,330997.88
2019-01-07,333607.65
2019-01-08,336742.01
2019-01-09,338315.78
2019-01-10,339509.12
2019-01-11,339640.39
2019-01-14,337568.29
2019-01-15,341437.07
2019-01-16,342263.26
2019-01-17,344859.92
2019-01-18,349450.01
2019-01-22,344728.77
2019-01-23,345450.1
2019-01-24,345633.75
2019-01-25,348558.17
2019-01-28,345909.07
2019-01-29,345450.1
2019-01-30,350918.85
2019-01-31,354000.75
2019-02-01,354171.31
2019-02-04,356662.95
2019-02-05,358158.03
2019-02-06,357685.97
2019-02-07,354276.18
2019-02-08,354708.92
2019-02-11,354905.59
2019-02-12,359469.48
2019-02-13,360636.67
2019-02-14,359836.76
2019-02-15,363757.89
2019-02-19,364387.52
2019-02-20,365121.82
2019-02-21,363823.57
2019-02-22,366079.23
2019-02-25,366577.67
2019-02-26,366315.36
2019-02-27,366157.99
2019-02-28,365476.02
2019-03-01,367757.9
2019-03-04,366420.23
2019-03-05,365921.82
2019-03-06,358526.38
2019-03-07,345457.35
2019-03-08,343500.47
2019-03-11,364956.23
2019-03-12,370896.61
2019-03-13,378933.83
2019-03-14,377256.53
2019-03-15,386621.5
2019-03-18,390115.92
2019-03-19,394029.68
2019-03-20,398573.99
2019-03-21,417030.97
2019-03-22,389764.95
2019-03-25,387318.01
2019-03-26,392631.37
2019-03-27,384940.92
2019-03-28,387387.92
2019-03-29,396126.99
2019-04-01,411717.61
2019-04-02,416261.94
2019-04-03,423463.0
2019-04-04,422833.77
2019-04-05,429195.87
2019-04-08,432551.7
2019-04-09,427797.55
2019-04-10,434719.03
2019-04-11,431433.05
2019-04-12,436746.49
2019-04-15,437096.04
2019-04-16,441360.74
2019-04-17,445765.26
2019-04-18,447163.4
2019-04-22,450938.82
2019-04-23,468067.48
2019-04-24,463523.2
2019-04-25,468696.69
2019-04-26,470374.63
2019-04-29,472891.51
2019-04-30,462054.93
2019-05-01,456741.6
2019-05-02,451148.55
2019-05-03,472402.07
2019-05-06,463942.68
2019-05-07,436956.22
2019-05-08,433111.02
2019-05-09,426259.54
2019-05-10,427448.1
2019-05-13,383263.06
2019-05-14,395288.06
2019-05-15,411717.61
2019-05-16,424581.68
2019-05-17,411368.06
2019-05-20,390743.73
2019-05-21,402489.03
2019-05-22,397245.61
2019-05-23,378508.92
2019-05-24,377949.65
2019-05-28,373894.67
2019-05-29,364526.31
2019-05-30,368860.95
2019-05-31,351103.06
2019-06-03,346869.55
2019-06-04,354398.97
2019-06-05,357468.85
2019-06-06,359793.31
2019-06-07,363393.68
2019-06-10,365061.41
2019-06-11,364972.94
2019-06-12,364328.72
2019-06-13,365832.03
2019-06-14,365427.67
2019-06-17,365566.65
2019-06-18,369394.66
2019-06-19,370228.32
2019-06-20,373765.63
2019-06-21,373222.42
2019-06-24,372765.28
2019-06-25,354251.19
2019-06-26,358731.65
2019-06-27,362622.59
2019-06-28,364155.42
2019-07-01,378657.97
2019-07-02,383256.3
2019-07-03,391745.63
2019-07-05,389210.58
2019-07-08,381016.03
2019-07-09,386734.53
2019-07-10,398171.59
2019-07-11,397110.31
2019-07-12,403772.07
2019-07-15,407191.44
2019-07-16,401413.94
2019-07-17,395459.69
2019-07-18,397169.33
2019-07-19,387559.87
2019-07-22,396697.64
2019-07-23,404361.57
2019-07-24,412968.84
2019-07-25,401178.19
2019-07-26,413086.74
2019-07-29,409254.75
2019-07-30,403772.07
2019-07-31,386734.53
2019-08-01,381310.87
2019-08-02,363860.7
2019-08-05,325658.86
2019-08-06,339041.2
2019-08-07,343993.31
2019-08-08,366749.33
2019-08-09,355901.97
2019-08-12,343993.31
2019-08-13,366572.53
2019-08-14,333735.42
2019-08-15,332320.53
2019-08-16,347648.4
2019-08-19,363919.62
2019-08-20,356432.49
2019-08-21,365511.34
2019-08-22,361974.14
2019-08-23,328842.29
2019-08-26,342165.77
2019-08-27,340102.37
2019-08-28,339347.67
2019-08-29,343682.17
2019-08-30,343529.27
2019-09-03,341520.64
2019-09-04,345397.08
2019-09-05,349837.18
2019-09-06,350107.33
2019-09-09,350283.69
2019-09-10,350201.42
2019-09-11,352691.78
2019-09-12,353913.41
2019-09-13,353678.45
2019-09-16,352586.05
2019-09-17,353478.78
2019-09-18,353690.24
2019-09-19,353666.61
2019-09-20,351995.66
2019-09-23,351913.04
2019-09-24,349151.59
2019-09-25,351216.76
2019-09-26,350485.3
2019-09-27,348597.13
2019-09-30,350213.73
2019-10-01,346048.01
2019-10-02,339935.16
2019-10-03,342720.28
2019-10-04,347357.99
2019-10-07,345859.26
2019-10-08,340489.9
2019-10-09,343723.3
2019-10-10,346048.01
2019-10-11,349635.45
2019-10-14,349246.08
2019-10-15,352703.73
2019-10-16,352137.32
2019-10-17,353175.76
2019-10-18,351629.95
2019-10-21,354013.66
2019-10-22,352857.14
2019-10-23,353883.91
2019-10-24,354462.07
2019-10-25,355913.51
2019-10-28,357919.68
2019-10-29,357813.51
2019-10-30,358911.03
2019-10-31,357955.09
2019-11-01,364385.76
2019-11-04,370888.05
2019-11-05,371348.88
2019-11-06,368993.7
2019-11-07,372731.32
2019-11-08,377134.47
2019-11-11,375547.29
2019-11-12,378619.22
2019-11-13,378056.04
2019-11-14,377953.61
2019-11-15,385070.38
2019-11-18,387067.09
2019-11-19,388654.43
2019-11-20,381844.84
2019-11-21,378875.26
2019-11-22,379899.18
2019-11-25,393057.38
2019-11-26,395412.61
2019-11-27,403399.69
2019-11-29,398023.75
2019-12-02,385223.99
2019-12-03,376571.29
2019-12-04,382152.02
2019-12-05,384148.73
2019-12-06,396026.88
2019-12-09,391163.06
2019-12-10,390292.71
2019-12-11,396180.61
2019-12-12,405242.83
2019-12-13,408878.06
2019-12-16,420602.69
2019-12-17,421165.91
2019-12-18,422138.65
2019-12-19,430740.21
2019-12-20,435860.07
2019-12-23,439085.69
2019-12-24,439654.2
2019-12-26,451075.71
2019-12-27,449744.03
2019-12-30,440780.96
2019-12-31,443290.66
2020-01-02,465263.24
2020-01-03,452612.33
2020-01-06,461216.88
2020-01-07,460653.54
2020-01-08,471255.58
2020-01-09,483138.2
2020-01-10,479194.32
2020-01-13,495942.68
2020-01-14,490155.0
2020-01-15,490462.3
2020-01-16,504137.46
2020-01-17,511666.55
2020-01-21,511410.38
2020-01-22,514893.23
2020-01-23,519656.5
2020-01-24,506186.29
2020-01-27,474892.08
2020-01-28,496966.93
2020-01-29,498759.59
2020-01-30,504393.58
2020-01-31,479604.09
2020-02-03,501627.97
2020-02-04,535892.53
2020-02-05,542089.91
2020-02-06,555304.08
2020-02-07,548133.59
2020-02-10,567903.69
2020-02-11,568313.51
2020-02-12,584959.27
2020-02-13,582705.7
2020-02-14,586649.46
2020-02-18,587673.87
2020-02-19,604678.2
2020-02-20,587468.93
2020-02-21,553870.05
2020-02-24,490052.48
2020-02-25,483337.12
2020-02-26,481559.45
2020-02-27,459931.57
2020-02-28,457999.19
2020-03-02,477833.71
2020-03-03,464152.05
2020-03-04,483661.7
2020-03-05,467584.12
2020-03-06,459854.29
2020-03-09,423942.32
2020-03-10,445879.27
2020-03-11,424143.21
2020-03-12,383562.4
2020-03-13,416351.72
2020-03-16,370792.92
2020-03-17,390812.84
2020-03-18,371024.82
2020-03-19,371813.27
2020-03-20,355790.27
2020-03-23,346693.39
2020-03-24,378104.87
2020-03-25,383765.18
2020-03-26,406173.19
2020-03-27,394074.98
2020-03-30,406872.9
2020-03-31,400808.23
2020-04-01,382769.99
2020-04-02,391602.59
2020-04-03,385942.25
2020-04-06,411864.5
2020-04-07,412284.44
2020-04-08,426124.14
2020-04-09,432608.7
2020-04-13,428659.01
2020-04-14,441301.14
2020-04-15,431924.54
2020-04-16,434008.25
2020-04-17,445733.16
2020-04-20,437880.2
2020-04-21,424584.63
2020-04-22,434008.25
2020-04-23,433976.91
2020-04-24,440026.13
2020-04-27,446370.55
2020-04-28,444318.15
2020-04-29,455949.58
2020-04-30,451704.3
2020-05-01,439746.28
2020-05-04,440959.07
2020-05-05,445033.24
2020-05-06,442016.58
2020-05-07,447350.28
2020-05-08,454752.32
2020-05-11,454845.64
2020-05-12,445779.64
2020-05-13,437895.83
2020-05-14,443136.16
2020-05-15,445173.29
2020-05-18,458733.06
2020-05-19,454021.29
2020-05-20,461734.4
2020-05-21,458546.37
2020-05-22,459417.35
2020-05-26,465077.48
2020-05-27,471997.45
2020-05-28,471126.58
2020-05-29,473226.08
2020-06-01,475138.53
2020-06-02,479072.8
2020-06-03,485448.53
2020-06-04,484173.27
2020-06-05,496582.31
2020-06-08,502584.87
2020-06-09,498837.24
2020-06-10,496053.71
2020-06-11,467456.79
2020-06-12,473054.92
2020-06-15,477471.15
2020-06-16,486661.37
2020-06-17,484639.82
2020-06-18,484826.4
2020-06-19,482055.7
2020-06-22,485148.08
2020-06-23,487381.69
2020-06-24,474949.1
2020-06-25,480040.82
2020-06-26,468639.2
2020-06-29,475527.08
2020-06-30,481618.25
2020-07-01,484991.98
2020-07-02,487662.94
2020-07-06,495190.96
2020-07-07,490083.65
2020-07-08,493832.16
2020-07-09,491020.98
2020-07-10,496034.35
2020-07-13,491739.38
2020-07-14,498111.7
2020-07-15,502687.92
2020-07-16,501032.39
2020-07-17,502484.82
2020-07-20,506545.64
2020-07-21,507623.49
2020-07-22,510512.92
2020-07-23,504421.6
2020-07-24,501173.07
2020-07-27,504827.69
2020-07-28,501625.95
2020-07-29,507795.23
2020-07-30,505983.5
2020-07-31,509981.89
2020-08-03,513527.46
2020-08-04,515510.87
2020-08-05,518712.76
2020-08-06,522180.07
2020-08-07,522555.05
2020-08-10,524116.9
2020-08-11,519790.56
2020-08-12,527037.49
2020-08-13,526084.68
2020-08-14,526100.31
2020-08-17,527771.57
2020-08-18,528911.74
2020-08-19,518750.65
2020-08-20,540092.02
2020-08-21,551367.58
2020-08-24,561589.52
2020-08-25,574698.79
2020-08-26,611490.44
2020-08-27,605950.25
2020-08-28,615314.0
2020-08-31,629554.72
2020-09-01,651052.16
2020-09-02,660469.08
2020-09-03,637739.42
2020-09-04,632532.59
2020-09-08,615249.93
2020-09-09,627399.43
2020-09-10,616505.38
2020-09-11,616819.33
2020-09-14,624943.72
2020-09-15,628101.31
2020-09-16,625608.34
2020-09-17,620106.09
2020-09-18,612966.77
2020-09-21,606144.88
2020-09-22,612317.93
2020-09-23,598117.91
2020-09-24,599712.16
2020-09-25,609407.66
2020-09-28,619529.52
2020-09-29,616155.5
2020-09-30,620827.31
2020-10-01,624812.96
2020-10-02,618880.56
2020-10-05,629855.2
2020-10-06,620901.23
2020-10-07,631709.06
2020-10-08,637307.62
2020-10-09,642998.94
2020-10-12,653343.21
2020-10-13,649079.53
2020-10-14,645001.06
2020-10-15,644203.78
2020-10-16,643814.51
2020-10-19,634026.3
2020-10-20,636566.21
2020-10-21,635361.05
2020-10-22,638846.31
2020-10-23,641015.35
2020-10-26,629169.28
2020-10-27,627000.54
2020-10-28,605570.09
2020-10-29,611724.9
2020-10-30,605347.85
2020-11-02,612132.66
2020-11-03,622940.43
2020-11-04,636862.72
2020-11-05,649283.41
2020-11-06,649135.09
2020-11-09,657291.78
2020-11-10,656327.89
2020-11-11,661203.39
2020-11-12,654789.02
2020-11-13,663854.41
2020-11-16,672141.07
2020-11-17,668526.03
2020-11-18,660480.34
2020-11-19,663261.26
2020-11-20,658719.29
2020-11-23,662668.04
2020-11-24,673346.1
2020-11-25,672307.93
2020-11-27,674180.15
2020-11-30,671195.66
2020-12-01,678536.72
2020-12-02,679964.16
2020-12-03,679778.83
2020-12-04,685636.7
2020-12-07,693708.42
2020-12-08,700058.33
2020-12-09,653167.84
2020-12-10,661186.31
2020-12-11,656546.24
2020-12-14,670548.32
2020-12-15,691388.22
2020-12-16,702988.9
2020-12-17,717397.88
2020-12-18,709582.95
2020-12-21,706937.0
2020-12-22,710639.17
2020-12-23,711277.82
2020-12-24,714045.0
2020-12-28,720179.15
2020-12-29,718805.23
2020-12-30,719830.76
2020-12-31,723488.19
2021-01-04,713638.41
2021-01-05,718553.7
2021-01-06,722849.47
2021-01-07,733589.31
2021-01-08,737768.94
2021-01-11,732795.85
2021-01-12,732950.58
2021-01-13,734924.43
2021-01-14,732350.66
2021-01-15,727010.03
2021-01-19,732718.45
2021-01-20,742858.42
2021-01-21,743535.5
2021-01-22,740903.85
2021-01-25,743825.89
2021-01-26,742664.77
2021-01-27,724513.65
2021-01-28,730744.6
2021-01-29,716115.45
2021-02-01,728035.55
2021-02-02,738330.2
2021-02-03,738910.79
2021-02-04,747308.99
2021-02-05,750250.37
2021-02-08,755668.52
2021-02-09,755165.4
2021-02-10,754836.27
2021-02-11,756055.65
2021-02-12,759790.16
2021-02-16,759132.3
2021-02-17,759306.56
2021-02-18,756074.92
2021-02-19,754739.6
2021-02-22,748934.51
2021-02-23,749843.84
2021-02-24,758106.77
2021-02-25,693766.8
2021-02-26,705300.75
2021-03-01,722397.44
2021-03-02,716760.34
2021-03-03,707266.36
2021-03-04,698514.07
2021-03-05,711364.27
2021-03-08,707822.66
2021-03-09,717928.57
2021-03-10,722397.44
2021-03-11,729721.95
2021-03-12,730704.73
2021-03-15,735062.19
2021-03-16,734135.18
2021-03-17,736638.38
2021-03-18,725920.53
2021-03-19,724577.27
2021-03-22,730363.14
2021-03-23,724614.63
2021-03-24,720930.96
2021-03-25,724986.69
2021-03-26,736669.89
2021-03-29,736297.76
2021-03-30,734344.34
2021-03-31,755181.03
2021-04-01,793577.3
2021-04-05,841241.4
2021-04-06,839255.3
2021-04-07,845461.57
2021-04-08,871859.11
2021-04-09,887664.4
2021-04-12,884188.9
2021-04-13,914475.62
2021-04-14,882368.23
2021-04-15,921343.81
2021-04-16,925233.18
2021-04-19,899994.25
2021-04-20,880299.72
2021-04-21,902559.71
2021-04-22,869707.65
2021-04-23,902476.83
2021-04-26,920350.89
2021-04-27,908269.22
2021-04-28,898918.52
2021-04-29,907938.3
2021-04-30,890891.79
2021-05-03,876327.6
2021-05-04,830152.84
2021-05-05,820471.07
2021-05-06,838427.95
2021-05-07,858949.96
2021-05-10,794404.58
2021-05-11,790432.59
2021-05-12,730273.02
2021-05-13,754864.43
2021-05-14,766455.56
2021-05-17,764505.39
2021-05-18,757918.73
2021-05-19,755931.49
2021-05-20,764063.84
2021-05-21,763438.34
2021-05-24,771220.93
2021-05-25,769509.92
2021-05-26,771036.97
2021-05-27,771441.82
2021-05-28,772821.63
2021-06-01,772140.98
2021-06-02,773355.04
2021-06-03,770485.06
2021-06-04,777531.79
2021-06-07,776777.42
2021-06-08,776943.05
2021-06-09,775783.89
2021-06-10,779389.98
2021-06-11,780677.94
2021-06-14,782425.95
2021-06-15,769223.3
2021-06-16,760986.76
2021-06-17,789396.22
2021-06-18,770549.63
2021-06-21,784649.72
2021-06-22,806567.83
2021-06-23,807963.67
2021-06-24,822831.63
2021-06-25,820249.0
2021-06-28,849286.84
2021-06-29,858849.66
2021-06-30,855080.36
2021-07-01,855499.22
2021-07-02,884537.06
2021-07-06,896403.47
2021-07-07,902127.36
2021-07-08,886491.54
2021-07-09,901498.98
2021-07-12,912807.04
2021-07-13,912318.27
2021-07-14,917274.51
2021-07-15,898288.2
2021-07-16,876230.49
2021-07-19,855220.13
2021-07-20,883420.25
2021-07-21,903593.12
2021-07-22,922579.48
2021-07-23,953222.63
2021-07-26,957201.55
2021-07-27,925929.86
2021-07-28,936051.42
2021-07-29,940658.04
2021-07-30,926558.12
2021-08-02,926279.03
2021-08-03,942403.23
2021-08-04,947080.16
2021-08-05,964879.63
2021-08-06,952315.16
2021-08-09,957411.01
2021-08-10,943101.35
2021-08-11,938005.73
2021-08-12,947778.17
2021-08-13,957271.3
2021-08-16,958946.63
2021-08-17,933747.99
2021-08-18,906594.6
2021-08-19,919508.14
2021-08-20,947917.77
2021-08-23,990148.07
2021-08-24,999920.51
2021-08-25,1001037.32
2021-08-26,984075.23
2021-08-27,1012834.26
2021-08-30,1046408.82
2021-08-31,1043477.3
2021-09-01,1049201.19
2021-09-02,1047735.43
2021-09-03,1057158.58
2021-09-07,1061486.23
2021-09-08,1050597.09
2021-09-09,1039359.0
2021-09-10,1015975.24
2021-09-13,1013671.87
2021-09-14,1004946.39
2021-09-15,1027213.22
2021-09-16,1029237.61
2021-09-17,992870.46
2021-09-20,931793.4
2021-09-21,937578.8
2021-09-22,946724.47
2021-09-23,958227.52
2021-09-24,959805.86
2021-09-27,957059.88
2021-09-28,937773.45
2021-09-29,939351.72
2021-09-30,927870.91
2021-10-01,938897.81
2021-10-04,926789.76
2021-10-05,936432.83
2021-10-06,940324.84
2021-10-07,948454.46
2021-10-08,946724.47
2021-10-11,939870.72
2021-10-12,937557.19
2021-10-13,940930.2
2021-10-14,956757.27
2021-10-15,964043.68
2021-10-18,966897.75
2021-10-19,974357.2
2021-10-20,978184.33
2021-10-21,980735.58
2021-10-22,979719.46
2021-10-25,984973.33
2021-10-26,985859.9
2021-10-27,981492.38
2021-10-28,1000729.79
2021-10-29,1015521.32
2021-11-01,1025535.18
2021-11-02,1039214.35
2021-11-03,1072201.36
2021-11-04,1112191.08
2021-11-05,1116314.59
2021-11-08,1111732.68
2021-11-09,1088825.55
2021-11-10,1041112.4
2021-11-11,1049555.5
2021-11-12,1082869.39
2021-11-15,1082542.09
2021-11-16,1104926.26
2021-11-17,1106235.23
2021-11-18,1140072.8
2021-11-19,1159380.43
2021-11-22,1119194.21
2021-11-23,1103944.27
2021-11-24,1114154.42
2021-11-26,1052696.81
2021-11-29,1087744.73
2021-11-30,1066579.59
2021-12-01,1054732.86
2021-12-02,1070887.62
2021-12-03,1061569.36
2021-12-06,1074141.84
2021-12-07,1096360.55
2021-12-08,1099263.63
2021-12-09,1091841.9
2021-12-10,1102119.78
2021-12-13,1092356.8
2021-12-14,1084841.42
2021-12-15,1101792.18
2021-12-16,1092076.0
2021-12-17,1080453.0
2021-12-20,1068964.19
2021-12-21,1087947.81
2021-12-22,1098826.08
2021-12-23,1105662.81
2021-12-27,1121310.51
2021-12-28,1120394.1
2021-12-29,1121827.31
2021-12-30,1113283.23
2021-12-31,1092591.59
2022-01-03,1124121.88
2022-01-04,1080439.21
2022-01-05,981053.07
2022-01-06,978359.87
2022-01-07,946369.62
2022-01-10,949851.16
2022-01-11,991628.87
2022-01-12,1002927.27
2022-01-13,930144.77
2022-01-14,944201.91
2022-01-18,876149.21
2022-01-19,845669.64
2022-01-20,812957.0
2022-01-21,781760.77
2022-01-24,785080.81
2022-01-25,775495.72
2022-01-26,773550.15
2022-01-27,769730.39
2022-01-28,788846.79
2022-01-31,803054.84
2022-02-01,808481.05
2022-02-02,816334.83
2022-02-03,797146.86
2022-02-04,800895.13
2022-02-07,798324.85
2022-02-08,804893.43
2022-02-09,816673.9
2022-02-10,802001.85
2022-02-11,786187.42
2022-02-14,783617.08
2022-02-15,796254.35
2022-02-16,797146.86
2022-02-17,780118.79
2022-02-18,775067.32
2022-02-22,766749.59
2022-02-23,753148.48
2022-02-24,764482.78
2022-02-25,781350.32
2022-02-28,779351.14
2022-03-01,767481.63
2022-03-02,781600.18
2022-03-03,777709.04
2022-03-04,771390.38
2022-03-07,748650.52
2022-03-08,742974.45
2022-03-09,762894.17
2022-03-10,759449.2
2022-03-11,749792.9
2022-03-14,744313.09
2022-03-15,760680.73
2022-03-16,777548.39
2022-03-17,787276.19
2022-03-18,795899.01
2022-03-21,795666.51
2022-03-22,804976.68
2022-03-23,794609.93
2022-03-24,806588.21
2022-03-25,810527.29
2022-03-28,816292.51
2022-03-29,826390.76
2022-03-30,821287.94
2022-03-31,808647.31
2022-04-01,810939.02
2022-04-04,817885.98
2022-04-05,807555.12
2022-04-06,799479.96
2022-04-07,803508.6
2022-04-08,780472.85
2022-04-11,725068.96
2022-04-12,745858.92
2022-04-13,754401.6
2022-04-14,745007.99
2022-04-18,745314.46
2022-04-19,757345.73
2022-04-20,756783.99
2022-04-21,745467.48
2022-04-22,725012.56
2022-04-25,729215.78
2022-04-26,708097.05
2022-04-27,710088.23
2022-04-28,728024.58
2022-04-29,701119.95
2022-05-02,705340.28
2022-05-03,708573.61
2022-05-04,730151.78
2022-05-05,704200.14
2022-05-06,699996.87
2022-05-09,677584.71
2022-05-10,679150.23
2022-05-11,668361.39
2022-05-12,667663.7
2022-05-13,683625.87
2022-05-16,680852.15
2022-05-17,694857.43
2022-05-18,666846.71
2022-05-19,662762.56
2022-05-20,663051.76
2022-05-23,675457.62
2022-05-24,670301.35
2022-05-25,676223.44
2022-05-26,689735.26
2022-05-27,706667.6
2022-05-31,702702.52
2022-06-01,697018.63
2022-06-02,710292.37
2022-06-03,698635.43
2022-06-06,700762.52
2022-06-07,707484.53
2022-06-08,699792.57
2022-06-09,683149.54
2022-06-10,663341.08
2022-06-13,638155.31
2022-06-14,636232.3
2022-06-15,645302.6
2022-06-16,623945.79
2022-06-17,625290.72
2022-06-21,641031.54
2022-06-22,639869.45
2022-06-23,646141.6
2022-06-24,666685.11
2022-06-27,664138.58
2022-06-28,650568.27
2022-06-29,650038.56
2022-06-30,644757.43
2022-07-01,651576.62
2022-07-05,652807.33
2022-07-06,655011.89
2022-07-07,664822.14
2022-07-08,664275.43
2022-07-11,656686.9
2022-07-12,650875.9
2022-07-13,647457.75
2022-07-14,645885.41
2022-07-15,658225.07
2022-07-18,652790.16
2022-07-19,670428.06
2022-07-20,674700.72
2022-07-21,681571.47
2022-07-22,675247.82
2022-07-25,676068.0
2022-07-26,668069.49
2022-07-27,685416.82
2022-07-28,694013.76
2022-07-29,704131.31
2022-08-01,702046.37
2022-08-02,697414.74
2022-08-03,708335.8
2022-08-04,707857.32
2022-08-05,706661.0
2022-08-08,705840.55
2022-08-09,703037.67
2022-08-10,717804.3
2022-08-11,717804.3
2022-08-12,729956.12
2022-08-15,732963.96
2022-08-16,734399.62
2022-08-17,729186.84
2022-08-18,731306.16
2022-08-19,721478.86
2022-08-22,706455.93
2022-08-23,704746.69
2022-08-24,707002.92
2022-08-25,716983.96
2022-08-26,692714.71
2022-08-29,688134.36
2022-08-30,680580.01
2022-08-31,675401.56
2022-09-01,677520.83
2022-09-02,670376.84
2022-09-06,667847.31
2022-09-07,679845.12
2022-09-08,684288.9
2022-09-09,694919.44
2022-09-12,702388.23
2022-09-13,671846.62
2022-09-14,674410.26
2022-09-15,666753.45
2022-09-16,661666.94
2022-09-19,666798.07
2022-09-20,659144.35
2022-09-21,647646.26
2022-09-22,642206.17
2022-09-23,631446.17
2022-09-26,625199.33
2022-09-27,623603.49
2022-09-28,635873.66
2022-09-29,622590.84
2022-09-30,612963.44
2022-10-03,629146.42
2022-10-04,648641.58
2022-10-05,647131.35
2022-10-06,640455.61
2022-10-07,622590.84
2022-10-10,617837.23
2022-10-11,613924.47
2022-10-12,611899.51
2022-10-13,628048.1
2022-10-14,613735.63
2022-10-17,629506.87
2022-10-18,636903.37
2022-10-19,632389.92
2022-10-20,627087.12
2022-10-21,642326.23
2022-10-24,650186.08
2022-10-25,660568.57
2022-10-26,655591.88
2022-10-27,652091.03
2022-10-28,667604.71
2022-10-31,662782.32
2022-11-01,659881.99
2022-11-02,643321.6
2022-11-03,636697.36
2022-11-04,645861.47
2022-11-07,652039.48
2022-11-08,655557.55
2022-11-09,642051.61
2022-11-10,677335.13
2022-11-11,683890.64
2022-11-14,678073.04
2022-11-15,683856.25
2022-11-16,678639.28
2022-11-17,676562.82
2022-11-18,679634.65
2022-11-21,677163.51
2022-11-22,686276.12
2022-11-23,690600.67
2022-11-25,690446.22
2022-11-28,679428.76
2022-11-29,678261.83
2022-11-30,699627.5
2022-12-01,699112.59
2022-12-02,698306.11
2022-12-05,685744.04
2022-12-06,675859.13
2022-12-07,674709.47
2022-12-08,679995.06
2022-12-09,674915.37
2022-12-12,684645.84
2022-12-13,689828.36
2022-12-14,685417.87
2022-12-15,668651.58
2022-12-16,660757.35
2022-12-19,655154.29
2022-12-20,656050.83
2022-12-21,665860.42
2022-12-22,656361.22
2022-12-23,660136.69
2022-12-27,657533.43
2022-12-28,649361.66
2022-12-29,661050.46
2022-12-30,659309.14
2023-01-03,656533.5
2023-01-04,661602.12
2023-01-05,654050.96
2023-01-06,669049.68
2023-01-09,668670.4
2023-01-10,673359.75
2023-01-11,681876.24
2023-01-12,684358.89
2023-01-13,687013.81
2023-01-17,685755.27
2023-01-18,674928.63
2023-01-19,670015.11
2023-01-20,682497.07
2023-01-23,690685.95
2023-01-24,689944.52
2023-01-25,690203.23
2023-01-26,697788.73
2023-01-27,699392.22
2023-01-30,690617.01
2023-01-31,700771.37
2023-02-01,708219.04
2023-02-02,718528.62
2023-02-03,710891.18
2023-02-06,706546.77
2023-02-07,715787.42
2023-02-08,707960.48
2023-02-09,701822.98
2023-02-10,703460.85
2023-02-13,711718.68
2023-02-14,711391.24
2023-02-15,713701.27
2023-02-16,703874.57
2023-02-17,702116.09
2023-02-21,688030.97
2023-02-22,687082.87
2023-02-23,690737.67
2023-02-24,683358.84
2023-02-27,685686.27
2023-02-28,683152.07
2023-03-01,680531.64
2023-03-02,685824.16
2023-03-03,696823.35
2023-03-06,697306.12
2023-03-07,686617.32
2023-03-08,687737.92
2023-03-09,675049.35
2023-03-10,665308.71
2023-03-13,664360.38
2023-03-14,675342.35
2023-03-15,671118.55
2023-03-16,682893.4
2023-03-17,674908.55
2023-03-20,681398.26
2023-03-21,690345.36
2023-03-22,678577.33
2023-03-23,680411.86
2023-03-24,684876.77
2023-03-27,686157.38
2023-03-28,684617.06
2023-03-29,694567.95
2023-03-30,698634.77
2023-03-31,708481.88
2023-04-03,711181.6
2023-04-04,707235.88
2023-04-05,705384.13
2023-04-06,708135.73
2023-04-10,708862.59
2023-04-11,709052.91
2023-04-12,706162.82
2023-04-13,715542.57
2023-04-14,713794.87
2023-04-17,716355.98
2023-04-18,716823.29
2023-04-19,716702.07
2023-04-20,714905.95
2023-04-21,716238.81
2023-04-24,711973.7
2023-04-25,671723.69
2023-04-26,682919.09
2023-04-27,738096.48
2023-04-28,753023.64
2023-05-01,750891.11
2023-05-02,730899.38
2023-05-03,716505.24
2023-05-04,708508.58
2023-05-05,751957.43
2023-05-08,758088.21
2023-05-09,743427.53
2023-05-10,767417.78
2023-05-11,773815.15
2023-05-12,765818.44
2023-05-15,777546.92
2023-05-16,780479.01
2023-05-17,808467.46
2023-05-18,851916.31
2023-05-19,846052.02
2023-05-22,854848.35
2023-05-23,821795.44
2023-05-24,808467.46
2023-05-25,866843.47
2023-05-26,932416.48
2023-05-30,945477.92
2023-05-31,926285.81
2023-06-01,959871.8
2023-06-02,981462.92
2023-06-05,983595.56
2023-06-06,982529.08
2023-06-07,932416.48
2023-06-08,964403.23
2023-06-09,976131.92
2023-06-12,1025978.04
2023-06-13,1048901.81
2023-06-14,1071292.72
2023-06-15,1108877.38
2023-06-16,1087552.84
2023-06-20,1082221.53
2023-06-21,1038849.3
2023-06-22,1073343.66
2023-06-23,1041523.24
2023-06-26,1000343.59
2023-06-27,1049812.41
2023-06-28,1056230.15
2023-06-29,1049010.31
2023-06-30,1096340.15
2023-07-03,1103827.43
2023-07-05,1103025.23
2023-07-06,1077087.46
2023-07-07,1066124.25
2023-07-10,1066926.45
2023-07-11,1082168.12
2023-07-12,1122278.13
2023-07-13,1178164.79
2023-07-14,1177095.04
2023-07-17,1209718.3
2023-07-18,1238597.13
2023-07-19,1238597.13
2023-07-20,1151692.15
2023-07-21,1141530.83
2023-07-24,1146076.72
2023-07-25,1169073.21
2023-07-26,1157040.25
2023-07-27,1147146.26
2023-07-28,1209183.11
2023-07-31,1211589.62
2023-08-01,1202230.82
2023-08-02,1123615.1
2023-08-03,1115593.16
2023-08-04,1100083.95
2023-08-07,1127358.69
2023-08-08,1098479.44
2023-08-09,1061845.58
2023-08-10,1066658.8
2023-08-11,1045266.83
2023-08-14,1080028.95
2023-08-15,1046871.24
2023-08-16,1033035.0
2023-08-17,1025163.4
2023-08-18,1025656.89
2023-08-21,1032330.05
2023-08-22,1029533.85
2023-08-23,1041000.53
2023-08-24,1026573.22
2023-08-25,1033810.36
2023-08-28,1040366.06
2023-08-29,1055404.46
2023-08-30,1059751.45
2023-08-31,1058200.58
2023-09-01,1060174.3
2023-09-05,1055592.32
2023-09-06,1048496.09
2023-09-07,1045277.04
2023-09-08,1046851.43
2023-09-11,1053736.05
2023-09-12,1047955.71
2023-09-13,1049177.59
2023-09-14,1058223.95
2023-09-15,1045474.28
2023-09-18,1046087.31
2023-09-19,1043917.83
2023-09-20,1034320.82
2023-09-21,1017225.19
2023-09-22,1014937.96
2023-09-25,1019205.98
2023-09-26,1004232.5
2023-09-27,1004633.24
2023-09-28,1010457.5
2023-09-29,1008005.32
2023-10-02,1007604.51
2023-10-03,994116.62
2023-10-04,1001355.76
2023-10-05,1000978.39
2023-10-06,1012863.0
2023-10-09,1019347.48
2023-10-10,1024653.02
2023-10-11,1028850.26
2023-10-12,1022577.92
2023-10-13,1017484.66
2023-10-16,1028189.9
2023-10-17,1028142.78
2023-10-18,1014442.68
2023-10-19,1005529.33
2023-10-20,993173.48
2023-10-23,991452.01
2023-10-24,998926.88
2023-10-25,984590.17
2023-10-26,972800.08
2023-10-27,968390.55
2023-10-30,979968.36
2023-10-31,986122.95
2023-11-01,996639.65
2023-11-02,1015739.67
2023-11-03,1025006.65
2023-11-06,1027364.66
2023-11-07,1030288.59
2023-11-08,1031043.11
2023-11-09,1023002.26
2023-11-10,1038965.99
2023-11-13,1037975.67
2023-11-14,1058113.27
2023-11-15,1060353.17
2023-11-16,1061650.3
2023-11-17,1062970.73
2023-11-20,1071153.15
2023-11-21,1068818.58
2023-11-22,1072945.04
2023-11-24,1073605.33
2023-11-27,1071965.62
2023-11-28,1080483.3
2023-11-29,1076589.69
2023-11-30,1067585.51
2023-12-01,1076589.69
2023-12-04,1045927.22
2023-12-05,1053471.33
2023-12-06,1034732.89
2023-12-07,1078049.76
2023-12-08,1090947.36
2023-12-11,1118689.6
2023-12-12,1145701.57
2023-12-13,1186098.01
2023-12-14,1184151.16
2023-12-15,1198265.72
2023-12-18,1223330.93
2023-12-19,1241582.21
2023-12-20,1186416.63
2023-12-21,1225768.3
2023-12-22,1230656.63
2023-12-26,1253143.4
2023-12-27,1259742.65
2023-12-28,1256565.34
2023-12-29,1239211.45
2024-01-02,1176395.43
2024-01-03,1138754.69
2024-01-04,1119689.78
2024-01-05,1123844.87
2024-01-08,1191549.31
2024-01-09,1199370.89
2024-01-10,1223079.79
2024-01-11,1228945.8
2024-01-12,1230412.19
2024-01-16,1229679.14
2024-01-17,1208414.31
2024-01-18,1260231.64
2024-01-19,1333068.96
2024-01-22,1338446.08
2024-01-23,1354333.3
2024-01-24,1376575.62
2024-01-25,1380486.36
2024-01-26,1355066.74
2024-01-29,1394907.29
2024-01-30,1367043.4
2024-01-31,1286628.95
2024-02-01,1332091.18
2024-02-02,1399062.38
2024-02-05,1391974.33
2024-02-06,1383908.12
2024-02-07,1425215.25
2024-02-08,1431081.27
2024-02-09,1473121.74
2024-02-12,1455767.75
2024-02-13,1386841.46
2024-02-14,1430836.92
2024-02-15,1442813.59
2024-02-16,1403217.57
2024-02-20,1370709.61
2024-02-21,1353600.16
2024-02-22,1470677.57
2024-02-23,1457234.33
2024-02-26,1455279.05
2024-02-27,1464322.67
2024-02-28,1440613.68
2024-02-29,1475321.46
2024-03-01,1543025.81
2024-03-04,1524694.33
2024-03-05,1443058.13
2024-03-06,1469699.98
2024-03-07,1535204.52
2024-03-08,1467988.96
2024-03-11,1450879.61
2024-03-12,1512473.5
2024-03-13,1477276.93
2024-03-14,1465300.35
2024-03-15,1411772.29
2024-03-18,1451612.76
2024-03-19,1461633.86
2024-03-20,1513515.31
2024-03-21,1533139.56
2024-03-22,1536328.45
2024-03-25,1520629.3
2024-03-26,1506401.71
2024-03-27,1519647.89
2024-03-28,1510081.12
2024-04-01,1519402.48
2024-04-02,1478682.34
2024-04-03,1488494.71
2024-04-04,1418338.05
2024-04-05,1468379.65
2024-04-08,1469361.07
2024-04-09,1484569.61
2024-04-10,1445566.71
2024-04-11,1513515.31
2024-04-12,1440415.36
2024-04-15,1368051.14
2024-04-16,1360592.46
2024-04-17,1352540.15
2024-04-18,1349757.02
2024-04-19,1337975.8
2024-04-22,1350297.57
2024-04-23,1366320.98
2024-04-24,1365672.53
2024-04-25,1360484.48
2024-04-26,1373373.57
2024-04-29,1378237.27
2024-04-30,1356404.38
2024-05-01,1351999.94
2024-05-02,1364645.63
2024-05-03,1381560.87
2024-05-06,1395827.88
2024-05-07,1397368.24
2024-05-08,1397503.4
2024-05-09,1405555.54
2024-05-10,1407366.13
2024-05-13,1407555.15
2024-05-14,1414013.24
2024-05-15,1431522.81
2024-05-16,1428577.42
2024-05-17,1430631.4
2024-05-20,1432279.56
2024-05-21,1435792.18
2024-05-22,1431657.97
2024-05-23,1421200.9
2024-05-24,1449262.54
2024-05-28,1465008.36
2024-05-29,1434404.17
2024-05-30,1388276.11
2024-05-31,1386723.7
2024-06-03,1400251.61
2024-06-04,1410674.78
2024-06-05,1495834.06
2024-06-06,1494059.88
2024-06-07,1488515.8
2024-06-10,1504261.1
2024-06-11,1535309.36
2024-06-12,1595851.98
2024-06-13,1621355.48
2024-06-14,1644863.1
2024-06-17,1704519.15
2024-06-18,1705406.24
2024-06-20,1665265.72
2024-06-21,1649963.97
2024-06-24,1594077.97
2024-06-25,1647302.69
2024-06-26,1657609.82
2024-06-27,1669631.44
2024-06-28,1643362.34
2024-07-01,1670299.1
2024-07-02,1721501.29
2024-07-03,1763798.46
2024-07-05,1817226.35
2024-07-08,1829247.96
2024-07-09,1833254.76
2024-07-10,1890690.14
2024-07-11,1766470.12
2024-07-12,1795187.64
2024-07-15,1808544.74
2024-07-16,1809880.4
2024-07-17,1650708.81
2024-07-18,1625998.09
2024-07-19,1581919.99
2024-07-22,1650931.36
2024-07-23,1633121.83
2024-07-24,1457031.44
2024-07-25,1408500.91
2024-07-26,1450884.9
2024-07-29,1451737.73
2024-07-30,1444382.76
2024-07-31,1467860.47
2024-08-01,1447073.96
2024-08-02,1420131.96
2024-08-05,1378772.48
2024-08-06,1391484.05
2024-08-07,1382183.23
2024-08-08,1414135.99
2024-08-09,1420371.73
2024-08-12,1421118.0
2024-08-13,1444489.32
2024-08-14,1449045.87
2024-08-15,1473883.09
2024-08-16,1477187.52
2024-08-19,1491311.72
2024-08-20,1488886.59
2024-08-21,1494002.92
2024-08-22,1482277.38
2024-08-23,1498027.15
2024-08-26,1494456.31
2024-08-27,1496508.3
2024-08-28,1487820.8
2024-08-29,1487953.67
2024-08-30,1502157.95
2024-09-03,1471245.0
2024-09-04,1468233.78
2024-09-05,1464662.6
2024-09-06,1440012.03
2024-09-09,1456134.77
2024-09-10,1462477.4
2024-09-11,1477480.74
2024-09-12,1489925.91
2024-09-13,1497707.63
2024-09-16,1499919.47
2024-09-17,1500532.2
2024-09-18,1496082.05
2024-09-19,1521611.77
2024-09-20,1518981.5
2024-09-23,1522777.29
2024-09-24,1527134.2
2024-09-25,1523765.99
2024-09-26,1529807.42
2024-09-27,1527588.92
2024-09-30,1533709.94
2024-10-01,1519970.54
2024-10-02,1520611.91
2024-10-03,1517831.96
2024-10-04,1531625.14
2024-10-07,1517778.35
2024-10-08,1532132.81
2024-10-09,1542744.94
2024-10-10,1540045.25
2024-10-11,1549267.4
2024-10-14,1561937.68
2024-10-15,1549802.04
2024-10-16,1556538.46
2024-10-17,1556671.99
2024-10-18,1562659.81
2024-10-21,1560093.48
2024-10-22,1559264.79
2024-10-23,1545017.05
2024-10-24,1548358.62
2024-10-25,1547824.14
2024-10-28,1552608.63
2024-10-29,1555121.68
2024-10-30,1550416.94
2024-10-31,1520024.15
2024-11-01,1526439.21
2024-11-04,1523151.26
2024-11-05,1541568.92
2024-11-06,1579900.95
2024-11-07,1592117.01
2024-11-08,1599013.6
2024-11-11,1600537.28
2024-11-12,1595565.31
2024-11-13,1596340.38
2024-11-14,1586075.92
2024-11-15,1565760.11
2024-11-18,1572175.84
2024-11-19,1577922.72
2024-11-20,1578457.53
2024-11-21,1586931.25
2024-11-22,1591849.61
2024-11-25,1597249.49
2024-11-26,1605589.34
2024-11-27,1575331.37
2024-11-29,1615574.0
2024-12-02,1667950.08
2024-12-03,1682712.8
2024-12-04,1744189.08
2024-12-05,1729830.96
2024-12-06,1774320.32
2024-12-09,1732864.52
2024-12-10,1714057.52
2024-12-11,1805665.36
2024-12-12,1769871.6
2024-12-13,1807889.72
2024-12-16,1886555.54
2024-12-17,1861277.3
2024-12-18,1660063.52
2024-12-19,1687299.46
2024-12-20,1707565.46
2024-12-23,1717791.07
2024-12-24,1736884.13
2024-12-26,1736999.61
2024-12-27,1718715.12
2024-12-30,1699102.21
2024-12-31,1692920.82
2025-01-02,1688761.11
2025-01-03,1709876.19
2025-01-06,1719726.31
2025-01-07,1700286.27
2025-01-08,1702770.41
2025-01-10,1676773.3
2025-01-13,1679373.28
2025-01-14,1681684.19
2025-01-15,1712274.07
2025-01-16,1708980.84
2025-01-17,1726138.84
2025-01-21,1741939.02
2025-01-22,1751731.39
2025-01-23,1761292.45
2025-01-24,1756150.95
2025-01-27,1731309.21
2025-01-28,1746185.34
2025-01-29,1738357.43
2025-01-30,1747687.16
2025-01-31,1738386.3
2025-02-03,1726687.56
2025-02-04,1738270.46
2025-02-05,1745318.68
2025-02-06,1751384.59
2025-02-07,1735353.26
2025-02-10,1747138.26
2025-02-11,1748467.03
2025-02-12,1742834.55
2025-02-13,1761234.7
2025-02-14,1761148.09
2025-02-18,1766318.28
2025-02-19,1770477.82
2025-02-20,1763112.2
2025-02-21,1732955.74
2025-02-24,1725070.08
2025-02-25,1716490.99
2025-02-26,1717357.65
2025-02-27,1689945.35
2025-02-28,1716317.77
2025-03-03,1686248.28
2025-03-04,1666287.85
2025-03-05,1684197.02
2025-03-06,1654300.76
2025-03-07,1663572.92
2025-03-10,1619262.45
2025-03-11,1605801.88
2025-03-12,1614323.05
2025-03-13,1592803.42
2025-03-14,1625703.85
2025-03-17,1638240.38
2025-03-18,1620533.48
2025-03-19,1638182.46
2025-03-20,1633445.51
2025-03-21,1633984.01
2025-03-24,1663246.38
2025-03-25,1667244.71
2025-03-26,1647340.58
2025-03-27,1642965.5
2025-03-28,1609879.11
2025-03-31,1620685.73
2025-04-01,1625263.44
2025-04-02,1635548.59
2025-04-03,1554947.62
2025-04-04,1463916.33
2025-04-07,1461308.82
2025-04-08,1438420.7
2025-04-09,1589482.57
2025-04-10,1519833.1
2025-04-11,1546951.32
2025-04-14,1561959.08
2025-04-15,1557584.18
2025-04-16,1522961.9
2025-04-17,1525134.74
2025-04-21,1488832.49
2025-04-22,1527568.48
2025-04-23,1551239.07
2025-04-24,1583890.97
2025-04-25,1595335.26
2025-04-28,1595943.51
2025-04-29,1605996.98
2025-04-30,1606634.11
2025-05-01,1618020.29
2025-05-02,1642038.41
2025-05-05,1632622.43
2025-05-06,1618976.62
2025-05-07,1625785.09
2025-05-08,1637113.17
2025-05-09,1635027.31
2025-05-12,1689060.58
2025-05-13,1700215.08
2025-05-14,1702388.09
2025-05-15,1710703.04
2025-05-16,1721538.71
2025-05-19,1723421.76
2025-05-20,1717627.17
2025-05-21,1688684.0
2025-05-22,1689350.36
2025-05-23,1677819.1
2025-05-27,1712702.29
2025-05-28,1702793.54
2025-05-29,1709515.22
2025-05-30,1707603.29
2025-06-02,1717221.73
2025-06-03,1727014.64
2025-06-04,1726550.92
2025-06-05,1718206.74
2025-06-06,1735851.06
2025-06-09,1737415.46
2025-06-10,1747266.29
2025-06-11,1742282.78
2025-06-12,1749207.45
2025-06-13,1729650.85
2025-06-16,1746107.16
2025-06-17,1731186.55
2025-06-18,1730925.64
2025-06-20,1726860.61
2025-06-23,1743917.65
2025-06-24,1763183.21
2025-06-25,1764171.09
2025-06-26,1777973.45
2025-06-27,1786807.35
2025-06-30,1795350.4
2025-07-01,1794769.22
2025-07-02,1802905.39
2025-07-03,1817114.8
2025-07-07,1803573.54
2025-07-08,1802585.84
2025-07-09,1813395.32
2025-07-10,1818509.57
2025-07-11,1812116.58
2025-07-14,1815574.61
2025-07-15,1807816.1
2025-07-16,1810824.82
2025-07-17,1852971.78
2025-07-18,1846585.88
2025-07-21,1874683.8
2025-07-22,1845521.29
2025-07-23,1869787.64
2025-07-24,1882133.79
2025-07-25,1892776.74
2025-07-28,1911296.13
2025-07-29,1902568.4
2025-07-30,1909167.28
2025-07-31,1877663.76
2025-08-01,1765059.11
2025-08-04,1861699.02
2025-08-05,1822957.83
2025-08-06,1891073.85
2025-08-07,1910231.71
2025-08-08,1961744.53
2025-08-11,1944502.7
2025-08-12,2016237.64
2025-08-13,2019217.61
2025-08-14,2013683.15
2025-08-15,1985159.43
2025-08-18,1982605.11
2025-08-19,1901717.12
2025-08-20,1867020.65
2025-08-21,1841051.26
2025-08-22,1923854.95
2025-08-25,1907038.76
2025-08-26,1929176.58
2025-08-27,1937903.82
2025-08-28,1973238.92
2025-08-29,1902142.93
2025-09-02,1853610.07
2025-09-03,1896821.29
2025-09-04,1948121.29
2025-09-05,1954507.35
2025-09-08,1982392.12
2025-09-09,1998569.85
2025-09-10,2000698.37
2025-09-11,2034330.58
2025-09-12,2059661.68
2025-09-15,2112238.6
2025-09-16,2106491.32
2025-09-17,2093080.91
2025-09-18,2149489.72
2025-09-19,2192062.15
2025-09-22,2229100.46
2025-09-23,2184186.36
2025-09-24,2160706.4
2025-09-25,2131729.25
2025-09-26,2157297.2
2025-09-29,2186061.2
2025-09-30,2203106.38
2025-10-01,2234214.01
2025-10-02,2261486.64
2025-10-03,2230805.14
2025-10-06,2280662.8
2025-10-07,2243802.18
2025-10-08,2319866.9
2025-10-09,2310705.03
2025-10-10,2068235.44
2025-10-13,2199484.36
2025-10-14,2154740.42
2025-10-15,2198845.09
2025-10-16,2174342.55
2025-10-17,2163928.9
2025-10-20,2186434.85
2025-10-21,2186402.17
2025-10-22,2175035.25
2025-10-23,2187933.13
2025-10-24,2205814.13
2025-10-27,2231837.79
2025-10-28,2237765.38
2025-10-29,2238840.34
2025-10-30,2214217.36
2025-10-31,2221480.28
2025-11-03,2225649.22
2025-11-04,2199267.38
2025-11-05,2206888.89
2025-11-06,2183210.38
2025-11-07,2185359.89
2025-11-10,2219460.85
2025-11-11,2224541.99
2025-11-12,2225779.71
2025-11-13,2188845.13
2025-11-14,2188486.54
2025-11-17,2168097.84
2025-11-18,2149891.12
2025-11-19,2158196.53
2025-11-20,2125300.81
2025-11-21,2146471.23
2025-11-24,2178064.29
2025-11-25,2198551.21
2025-11-26,2213728.69
2025-11-28,2225812.18
2025-12-01,2215650.3
2025-12-02,2219754.1
2025-12-03,2227440.75
2025-12-04,2229069.12
2025-12-05,2233303.2
2025-12-08,2226593.69
2025-12-09,2224672.28
2025-12-10,2239426.63
2025-12-11,2244637.65
2025-12-12,2220503.34
2025-12-15,2217148.58
2025-12-16,2211090.5
2025-12-17,2075618.96
2025-12-18,2164273.94
2025-12-19,2248727.46
2025-12-22,2279399.5
2025-12-23,2311331.87
2025-12-24,2329680.1
2025-12-26,2327575.9
2025-12-29,2293068.41
2025-12-30,2276656.11
2025-12-31,2218582.59
2026-01-02,2203012.07
2026-01-05,2255614.94
2026-01-06,2314951.04
2026-01-07,2321684.28
2026-01-08,2280443.54
2026-01-09,2346512.72
2026-01-12,2351983.54
2026-01-13,2339779.8
2026-01-14,2265294.15
2026-01-15,2288439.36
2026-01-16,2278339.34
2026-01-20,2134838.53
2026-01-21,2219003.4
2026-01-22,2268239.8
2026-01-23,2288439.36
2026-01-26,2317897.01
2026-01-27,2379337.31
2026-01-28,2401220.1
2026-01-29,2358295.97
2026-01-30,2272448.04
2026-02-02,2318738.47
2026-02-03,2210165.96
2026-02-04,2094018.76
2026-02-05,2004804.05
2026-02-06,2128947.23
2026-02-09,2177341.86
2026-02-10,2147042.43
2026-02-11,2163033.92
2026-02-12,2030895.07
2026-02-13,2039732.51
2026-02-17,2034682.5
2026-02-18,2078448.25
2026-02-19,2054882.22
2026-02-20,2106643.47
2026-02-23,2030053.46
2026-02-24,2094860.38
2026-02-25,2182812.51
2026-02-26,2106222.5
2026-02-27,2083919.06
2026-03-02,2091493.92
2026-03-03,2024161.99
2026-03-04,2115059.78
2026-03-05,2095701.99
2026-03-06,2000595.81
2026-03-09,1976151.11
2026-03-10,1972975.22
2026-03-11,1970498.87
2026-03-12,1940576.91
2026-03-13,1929592.99
2026-03-16,1949230.19
2026-03-17,1954357.73
2026-03-18,1927087.32
2026-03-19,1922338.42
2026-03-20,1894780.18
2026-03-23,1914675.36
2026-03-24,1908248.15
2026-03-25,1918882.22
2026-03-26,1884613.42
2026-03-27,1852477.19
2026-03-30,1846283.64
2026-03-31,1899951.16
2026-04-01,1914266.33
2026-04-02,1915990.05
2026-04-06,1925046.64
2026-04-07,1925893.66
2026-04-08,1974945.47
2026-04-09,1986338.96
2026-04-10,1985024.45
2026-04-13,2004423.0
2026-04-14,2028846.65
2026-04-15,2044856.21
2026-04-16,2049881.14
2026-04-17,2074655.36
2026-04-20,2070506.6
2026-04-21,2056951.21
2026-04-22,2077781.36
2026-04-23,2069718.03
2026-04-24,2085756.92
2026-04-27,2089350.23
2026-04-28,2079183.47
2026-04-29,2104333.5
2026-04-30,2161483.16
2026-05-01,2221354.45
2026-05-04,2208087.47
2026-05-05,2292451.08
2026-05-06,2434645.13
2026-05-07,2426820.88
2026-05-08,2594868.39
2026-05-11,2618000.35
2026-05-12,2549964.95
2026-05-13,2627525.34
2026-05-14,2685695.5
2026-05-15,2562891.68
2026-05-18,2528193.74
2026-05-19,2480909.06
2026-05-20,2602692.38
2026-05-21,2617660.1
2026-05-22,2647935.81
2026-05-26,2787748.34
2026-05-27,2778223.62
2026-05-28,2846599.01
2026-05-29,2876534.72
2026-06-01,2926880.9
2026-06-02,2967021.84
2026-06-03,2944569.86
2026-06-04,2898986.44
2026-06-05,2484991.3
2026-06-08,2594528.14
2026-06-09,2507783.02
2026-06-10,2356404.24
2026-06-11,2585683.66
2026-06-12,2637050.07
2026-06-15,2877554.96
2026-06-16,2719032.96
2026-06-17,2637730.57
2026-06-18,2819044.8
2026-06-22,2809179.82
2026-06-23,2532275.99
2026-06-24,2499236.9
2026-06-25,2555495.1
2026-06-26,2449115.74
2026-06-29,2631870.32
2026-06-30,2761776.0
2026-07-01,2641076.13
2026-07-02,2500941.55
2026-07-06,2605616.26
2026-07-07,2462754.19
2026-07-08,2479461.16
2026-07-09,2602888.52
2026-07-10,2626414.84
2026-07-13,2476733.42
